{
    "loss": 5.715542793273926,
    "accuracy": 0.5395683646202087
}