{
    "loss": 11.591408729553223,
    "accuracy": 0.5179855823516846
}